STOCK,YEAR,AVERAGE_VOLUME
TWTR,2019,74649662.01923077
TWTR,2020,93925823.16981132
TWTR,2021,81467259.34615384
TWTR,2022,138698086.02325583
